id;x;y;height;environment
7;9.895425280535907;49.781548600812386;5.0;urban
19;9.956956606972707;49.781548600812386;5.0;urban
36;9.982536845656588;49.803430620745964;5.0;urban
222;9.96684973664228;49.819445415465175;5.0;urban
289;9.941818610559784;49.764275619464044;5.0;urban
311;9.88256205122132;49.81569910102237;5.0;urban
545;9.919588704888367;49.81305353288142;5.0;urban
576;9.942856438844608;49.8042911776018;5.0;urban
378;9.961496648469712;49.7391357160501;5.0;urban
