id;x;y;height;environment
3;9.874914838390305;49.781548600812386;5.0;urban
40;9.952742167078384;49.76271816771187;5.0;urban
47;9.891817219938547;49.80249109734528;5.0;urban
76;9.930197990546251;49.822086424660746;5.0;urban
91;9.969381420568997;49.72439868343903;5.0;urban
207;9.944262755297405;49.782544076444644;5.0;urban
368;9.929396069513135;49.78327477324576;5.0;urban
377;9.970577768927901;49.815187177383386;5.0;urban
470;9.979760455967623;49.80193111757543;5.0;urban
